time_stamp,rank,num,title
2021/11/21 11:22,第1名,1290036,有翡将改名周翡在越南播出
2021/11/21 11:22,第2名,992293,爸爸给女儿换尿不湿让叔叔出去
2021/11/21 11:22,第3名,830837,党的二十大代表这样产生
2021/11/21 11:22,第4名,777608,时代少年团新歌醉
2021/11/21 11:22,第5名,724929,医学生强忍不适配合练习插胃管
2021/11/21 11:22,第6名,525849,ofo退押金充值10元退押2.5元
2021/11/21 11:22,第7名,516967,年度最烂电影预定
2021/11/21 11:22,第8名,512372,拼音o的发音应该念欧
2021/11/21 11:22,第9名,501911,Nuguri
2021/11/21 11:22,第10名,483513,8名大三学生捐1.5万奖学金用于助学
2021/11/21 11:23,第1名,1305180,有翡将改名周翡在越南播出
2021/11/21 11:23,第2名,898201,爸爸给女儿换尿不湿让叔叔出去
2021/11/21 11:23,第3名,822665,党的二十大代表这样产生
2021/11/21 11:23,第4名,772601,时代少年团新歌醉
2021/11/21 11:23,第5名,716064,医学生强忍不适配合练习插胃管
2021/11/21 11:23,第6名,518810,ofo退押金充值10元退押2.5元
2021/11/21 11:23,第7名,512632,年度最烂电影预定
2021/11/21 11:23,第8名,512218,拼音o的发音应该念欧
2021/11/21 11:23,第9名,495676,Nuguri
2021/11/21 11:23,第10名,478229,8名大三学生捐1.5万奖学金用于助学
2021/11/21 11:24,第1名,1311081,有翡将改名周翡在越南播出
2021/11/21 11:24,第2名,987258,爸爸给女儿换尿不湿让叔叔出去
2021/11/21 11:24,第3名,820394,党的二十大代表这样产生
2021/11/21 11:24,第4名,771843,时代少年团新歌醉
2021/11/21 11:24,第5名,708739,医学生强忍不适配合练习插胃管
2021/11/21 11:24,第6名,517519,ofo退押金充值10元退押2.5元
2021/11/21 11:24,第7名,508878,年度最烂电影预定
2021/11/21 11:24,第8名,507292,拼音o的发音应该念欧
2021/11/21 11:24,第9名,496290,Nuguri
2021/11/21 11:24,第10名,471901,8名大三学生捐1.5万奖学金用于助学
2021/11/21 11:25,第1名,1311821,有翡将改名周翡在越南播出
2021/11/21 11:25,第2名,980287,爸爸给女儿换尿不湿让叔叔出去
2021/11/21 11:25,第3名,816805,党的二十大代表这样产生
2021/11/21 11:25,第4名,771629,时代少年团新歌醉
2021/11/21 11:25,第5名,703228,医学生强忍不适配合练习插胃管
2021/11/21 11:25,第6名,511952,ofo退押金充值10元退押2.5元
2021/11/21 11:25,第7名,506215,年度最烂电影预定
2021/11/21 11:25,第8名,506021,拼音o的发音应该念欧
2021/11/21 11:25,第9名,494455,Nuguri
2021/11/21 11:25,第10名,469941,8名大三学生捐1.5万奖学金用于助学
2021/11/21 11:26,第1名,1294575,有翡将改名周翡在越南播出
2021/11/21 11:26,第2名,888920,爸爸给女儿换尿不湿让叔叔出去
2021/11/21 11:26,第3名,808654,党的二十大代表这样产生
2021/11/21 11:26,第4名,768805,时代少年团新歌醉
2021/11/21 11:26,第5名,695606,医学生强忍不适配合练习插胃管
2021/11/21 11:26,第6名,509467,ofo退押金充值10元退押2.5元
2021/11/21 11:26,第7名,507509,年度最烂电影预定
2021/11/21 11:26,第8名,504177,拼音o的发音应该念欧
2021/11/21 11:26,第9名,503675,Nuguri
2021/11/21 11:26,第10名,465444,8名大三学生捐1.5万奖学金用于助学
2021/11/21 11:27,第1名,1275748,有翡将改名周翡在越南播出
2021/11/21 11:27,第2名,832949,爸爸给女儿换尿不湿让叔叔出去
2021/11/21 11:27,第3名,805519,党的二十大代表这样产生
2021/11/21 11:27,第4名,770131,时代少年团新歌醉
2021/11/21 11:27,第5名,691272,医学生强忍不适配合练习插胃管
2021/11/21 11:27,第6名,506769,ofo退押金充值10元退押2.5元
2021/11/21 11:27,第7名,506562,年度最烂电影预定
2021/11/21 11:27,第8名,468223,Nuguri
2021/11/21 11:27,第9名,467815,拼音o的发音应该念欧
2021/11/21 11:27,第10名,466785,8名大三学生捐1.5万奖学金用于助学
2021/11/21 11:28,第1名,1261474,有翡将改名周翡在越南播出
2021/11/21 11:28,第2名,978255,爸爸给女儿换尿不湿让叔叔出去
2021/11/21 11:28,第3名,802437,党的二十大代表这样产生
2021/11/21 11:28,第4名,772717,时代少年团新歌醉
2021/11/21 11:28,第5名,692628,医学生强忍不适配合练习插胃管
2021/11/21 11:28,第6名,507579,ofo退押金充值10元退押2.5元
2021/11/21 11:28,第7名,501695,年度最烂电影预定
2021/11/21 11:28,第8名,472330,Nuguri
2021/11/21 11:28,第9名,471667,拼音o的发音应该念欧
2021/11/21 11:28,第10名,466139,8名大三学生捐1.5万奖学金用于助学
2021/11/21 11:29,第1名,1239478,有翡将改名周翡在越南播出
2021/11/21 11:29,第2名,975235,爸爸给女儿换尿不湿让叔叔出去
2021/11/21 11:29,第3名,797337,党的二十大代表这样产生
2021/11/21 11:29,第4名,774546,时代少年团新歌醉
2021/11/21 11:29,第5名,690105,医学生强忍不适配合练习插胃管
2021/11/21 11:29,第6名,510661,ofo退押金充值10元退押2.5元
2021/11/21 11:29,第7名,499635,年度最烂电影预定
2021/11/21 11:29,第8名,472136,Nuguri
2021/11/21 11:29,第9名,471593,拼音o的发音应该念欧
2021/11/21 11:29,第10名,470359,8名大三学生捐1.5万奖学金用于助学
2021/11/21 11:30,第1名,1219876,有翡将改名周翡在越南播出
2021/11/21 11:30,第2名,911194,爸爸给女儿换尿不湿让叔叔出去
2021/11/21 11:30,第3名,794270,党的二十大代表这样产生
2021/11/21 11:30,第4名,773153,时代少年团新歌醉
2021/11/21 11:30,第5名,683767,医学生强忍不适配合练习插胃管
2021/11/21 11:30,第6名,513334,ofo退押金充值10元退押2.5元
2021/11/21 11:30,第7名,497177,年度最烂电影预定
2021/11/21 11:30,第8名,480589,Nuguri
2021/11/21 11:30,第9名,479764,拼音o的发音应该念欧
2021/11/21 11:30,第10名,478130,8名大三学生捐1.5万奖学金用于助学
2021/11/21 11:31,第1名,1203990,有翡将改名周翡在越南播出
2021/11/21 11:31,第2名,853516,爸爸给女儿换尿不湿让叔叔出去
2021/11/21 11:31,第3名,784004,党的二十大代表这样产生
2021/11/21 11:31,第4名,770738,时代少年团新歌醉
2021/11/21 11:31,第5名,683032,医学生强忍不适配合练习插胃管
2021/11/21 11:31,第6名,517936,ofo退押金充值10元退押2.5元
2021/11/21 11:31,第7名,496560,年度最烂电影预定
2021/11/21 11:31,第8名,489999,Nuguri
2021/11/21 11:31,第9名,489714,拼音o的发音应该念欧
2021/11/21 11:31,第10名,487752,8名大三学生捐1.5万奖学金用于助学
2021/11/21 11:32,第1名,1186696,有翡将改名周翡在越南播出
2021/11/21 11:32,第2名,863913,爸爸给女儿换尿不湿让叔叔出去
2021/11/21 11:32,第3名,780661,党的二十大代表这样产生
2021/11/21 11:32,第4名,770180,时代少年团新歌醉
2021/11/21 11:32,第5名,682349,医学生强忍不适配合练习插胃管
2021/11/21 11:32,第6名,518437,ofo退押金充值10元退押2.5元
2021/11/21 11:32,第7名,498835,年度最烂电影预定
2021/11/21 11:32,第8名,497972,Nuguri
2021/11/21 11:32,第9名,497960,拼音o的发音应该念欧
2021/11/21 11:32,第10名,497774,8名大三学生捐1.5万奖学金用于助学
2021/11/21 11:33,第1名,1170981,有翡将改名周翡在越南播出
2021/11/21 11:33,第2名,914403,爸爸给女儿换尿不湿让叔叔出去
2021/11/21 11:33,第3名,773813,党的二十大代表这样产生
2021/11/21 11:33,第4名,770239,时代少年团新歌醉
2021/11/21 11:33,第5名,679650,医学生强忍不适配合练习插胃管
2021/11/21 11:33,第6名,519519,ofo退押金充值10元退押2.5元
2021/11/21 11:33,第7名,516651,年度最烂电影预定
2021/11/21 11:33,第8名,515556,Nuguri
2021/11/21 11:33,第9名,509821,拼音o的发音应该念欧
2021/11/21 11:33,第10名,503805,8名大三学生捐1.5万奖学金用于助学
2021/11/21 11:34,第1名,1156892,有翡将改名周翡在越南播出
2021/11/21 11:34,第2名,813623,爸爸给女儿换尿不湿让叔叔出去
2021/11/21 11:34,第3名,767314,党的二十大代表这样产生
2021/11/21 11:34,第4名,763021,时代少年团新歌醉
2021/11/21 11:34,第5名,679801,医学生强忍不适配合练习插胃管
2021/11/21 11:34,第6名,519001,ofo退押金充值10元退押2.5元
2021/11/21 11:34,第7名,518600,年度最烂电影预定
2021/11/21 11:34,第8名,515814,Nuguri
2021/11/21 11:34,第9名,515178,拼音o的发音应该念欧
2021/11/21 11:34,第10名,511871,8名大三学生捐1.5万奖学金用于助学
2021/11/21 11:35,第1名,1140764,有翡将改名周翡在越南播出
2021/11/21 11:35,第2名,940249,爸爸给女儿换尿不湿让叔叔出去
2021/11/21 11:35,第3名,758883,党的二十大代表这样产生
2021/11/21 11:35,第4名,756289,时代少年团新歌醉
2021/11/21 11:35,第5名,675579,医学生强忍不适配合练习插胃管
2021/11/21 11:35,第6名,517233,ofo退押金充值10元退押2.5元
2021/11/21 11:35,第7名,516947,年度最烂电影预定
2021/11/21 11:35,第8名,516503,Nuguri
2021/11/21 11:35,第9名,516221,拼音o的发音应该念欧
2021/11/21 11:35,第10名,515280,8名大三学生捐1.5万奖学金用于助学
2021/11/21 11:36,第1名,1139292,有翡将改名周翡在越南播出
2021/11/21 11:36,第2名,854188,爸爸给女儿换尿不湿让叔叔出去
2021/11/21 11:36,第3名,758206,党的二十大代表这样产生
2021/11/21 11:36,第4名,758028,时代少年团新歌醉
2021/11/21 11:36,第5名,677389,医学生强忍不适配合练习插胃管
2021/11/21 11:36,第6名,519630,ofo退押金充值10元退押2.5元
2021/11/21 11:36,第7名,509860,年度最烂电影预定
2021/11/21 11:36,第8名,499334,小伙躺着玩手机砸眼致视网膜脱离
2021/11/21 11:36,第9名,495401,拼音o的发音应该念欧
2021/11/21 11:36,第10名,468717,8名大三学生捐1.5万奖学金用于助学
2021/11/21 11:37,第1名,1131608,有翡将改名周翡在越南播出
2021/11/21 11:37,第2名,913019,爸爸给女儿换尿不湿让叔叔出去
2021/11/21 11:37,第3名,752502,党的二十大代表这样产生
2021/11/21 11:37,第4名,751662,时代少年团新歌醉
2021/11/21 11:37,第5名,670830,医学生强忍不适配合练习插胃管
2021/11/21 11:37,第6名,520574,ofo退押金充值10元退押2.5元
2021/11/21 11:37,第7名,519896,年度最烂电影预定
2021/11/21 11:37,第8名,517948,小伙躺着玩手机砸眼致视网膜脱离
2021/11/21 11:37,第9名,517126,拼音o的发音应该念欧
2021/11/21 11:37,第10名,513991,8名大三学生捐1.5万奖学金用于助学
2021/11/21 11:38,第1名,1124188,有翡将改名周翡在越南播出
2021/11/21 11:38,第2名,853164,爸爸给女儿换尿不湿让叔叔出去
2021/11/21 11:38,第3名,749594,党的二十大代表这样产生
2021/11/21 11:38,第4名,746479,时代少年团新歌醉
2021/11/21 11:38,第5名,671532,ofo退押金充值10元退押2.5元
2021/11/21 11:38,第6名,526025,医学生强忍不适配合练习插胃管
2021/11/21 11:38,第7名,511493,年度最烂电影预定
2021/11/21 11:38,第8名,507949,小伙躺着玩手机砸眼致视网膜脱离
2021/11/21 11:38,第9名,507870,拼音o的发音应该念欧
2021/11/21 11:38,第10名,506797,8名大三学生捐1.5万奖学金用于助学
2021/11/21 11:39,第1名,1118282,有翡将改名周翡在越南播出
2021/11/21 11:39,第2名,926353,爸爸给女儿换尿不湿让叔叔出去
2021/11/21 11:39,第3名,746698,党的二十大代表这样产生
2021/11/21 11:39,第4名,739430,时代少年团新歌醉
2021/11/21 11:39,第5名,668359,ofo退押金充值10元退押2.5元
2021/11/21 11:39,第6名,533743,医学生强忍不适配合练习插胃管
2021/11/21 11:39,第7名,506016,年度最烂电影预定
2021/11/21 11:39,第8名,499475,小伙躺着玩手机砸眼致视网膜脱离
2021/11/21 11:39,第9名,499152,拼音o的发音应该念欧
2021/11/21 11:39,第10名,498012,8名大三学生捐1.5万奖学金用于助学
2021/11/21 11:40,第1名,1112081,有翡将改名周翡在越南播出
2021/11/21 11:40,第2名,906426,爸爸给女儿换尿不湿让叔叔出去
2021/11/21 11:40,第3名,750731,党的二十大代表这样产生
2021/11/21 11:40,第4名,735814,时代少年团新歌醉
2021/11/21 11:40,第5名,664250,ofo退押金充值10元退押2.5元
2021/11/21 11:40,第6名,538977,医学生强忍不适配合练习插胃管
2021/11/21 11:40,第7名,535804,年度最烂电影预定
2021/11/21 11:40,第8名,528897,小伙躺着玩手机砸眼致视网膜脱离
2021/11/21 11:40,第9名,522485,拼音o的发音应该念欧
2021/11/21 11:40,第10名,515128,8名大三学生捐1.5万奖学金用于助学
2021/11/21 11:41,第1名,1101730,有翡将改名周翡在越南播出
2021/11/21 11:41,第2名,778371,爸爸给女儿换尿不湿让叔叔出去
2021/11/21 11:41,第3名,752283,党的二十大代表这样产生
2021/11/21 11:41,第4名,733944,时代少年团新歌醉
2021/11/21 11:41,第5名,660461,ofo退押金充值10元退押2.5元
2021/11/21 11:41,第6名,540613,医学生强忍不适配合练习插胃管
2021/11/21 11:41,第7名,538791,年度最烂电影预定
2021/11/21 11:41,第8名,537093,小伙躺着玩手机砸眼致视网膜脱离
2021/11/21 11:41,第9名,532342,拼音o的发音应该念欧
2021/11/21 11:41,第10名,527311,8名大三学生捐1.5万奖学金用于助学
2021/11/21 11:42,第1名,1092250,有翡将改名周翡在越南播出
2021/11/21 11:42,第2名,778365,爸爸给女儿换尿不湿让叔叔出去
2021/11/21 11:42,第3名,752781,党的二十大代表这样产生
2021/11/21 11:42,第4名,731579,时代少年团新歌醉
2021/11/21 11:42,第5名,545641,ofo退押金充值10元退押2.5元
2021/11/21 11:42,第6名,545117,医学生强忍不适配合练习插胃管
2021/11/21 11:42,第7名,540330,张卫健出场后秒变追光茶话会
2021/11/21 11:42,第8名,533077,小伙躺着玩手机砸眼致视网膜脱离
2021/11/21 11:42,第9名,528850,拼音o的发音应该念欧
2021/11/21 11:42,第10名,525523,8名大三学生捐1.5万奖学金用于助学
2021/11/21 11:43,第1名,1085033,有翡将改名周翡在越南播出
2021/11/21 11:43,第2名,767126,爸爸给女儿换尿不湿让叔叔出去
2021/11/21 11:43,第3名,751293,党的二十大代表这样产生
2021/11/21 11:43,第4名,726405,时代少年团新歌醉
2021/11/21 11:43,第5名,547675,ofo退押金充值10元退押2.5元
2021/11/21 11:43,第6名,545120,医学生强忍不适配合练习插胃管
2021/11/21 11:43,第7名,537861,张卫健出场后秒变追光茶话会
2021/11/21 11:43,第8名,536314,小伙躺着玩手机砸眼致视网膜脱离
2021/11/21 11:43,第9名,528244,拼音o的发音应该念欧
2021/11/21 11:43,第10名,525205,8名大三学生捐1.5万奖学金用于助学
2021/11/21 11:44,第1名,1082775,有翡将改名周翡在越南播出
2021/11/21 11:44,第2名,776501,爸爸给女儿换尿不湿让叔叔出去
2021/11/21 11:44,第3名,755356,党的二十大代表这样产生
2021/11/21 11:44,第4名,725103,时代少年团新歌醉
2021/11/21 11:44,第5名,548812,ofo退押金充值10元退押2.5元
2021/11/21 11:44,第6名,543169,医学生强忍不适配合练习插胃管
2021/11/21 11:44,第7名,537503,张卫健出场后秒变追光茶话会
2021/11/21 11:44,第8名,536832,小伙躺着玩手机砸眼致视网膜脱离
2021/11/21 11:44,第9名,526981,拼音o的发音应该念欧
2021/11/21 11:44,第10名,525823,8名大三学生捐1.5万奖学金用于助学
2021/11/21 11:45,第1名,1080602,有翡将改名周翡在越南播出
2021/11/21 11:45,第2名,875580,爸爸给女儿换尿不湿让叔叔出去
2021/11/21 11:45,第3名,756873,党的二十大代表这样产生
2021/11/21 11:45,第4名,722837,时代少年团新歌醉
2021/11/21 11:45,第5名,549321,ofo退押金充值10元退押2.5元
2021/11/21 11:45,第6名,495030,医学生强忍不适配合练习插胃管
2021/11/21 11:45,第7名,494376,张卫健出场后秒变追光茶话会
2021/11/21 11:45,第8名,488100,小伙躺着玩手机砸眼致视网膜脱离
2021/11/21 11:45,第9名,477952,拼音o的发音应该念欧
2021/11/21 11:45,第10名,477524,8名大三学生捐1.5万奖学金用于助学
2021/11/21 11:46,第1名,1072008,有翡将改名周翡在越南播出
2021/11/21 11:46,第2名,873493,爸爸给女儿换尿不湿让叔叔出去
2021/11/21 11:46,第3名,753669,党的二十大代表这样产生
2021/11/21 11:46,第4名,719649,时代少年团新歌醉
2021/11/21 11:46,第5名,554451,ofo退押金充值10元退押2.5元
2021/11/21 11:46,第6名,489510,医学生强忍不适配合练习插胃管
2021/11/21 11:46,第7名,488768,张卫健出场后秒变追光茶话会
2021/11/21 11:46,第8名,486095,小伙躺着玩手机砸眼致视网膜脱离
2021/11/21 11:46,第9名,483293,拼音o的发音应该念欧
2021/11/21 11:46,第10名,479476,8名大三学生捐1.5万奖学金用于助学
2021/11/21 11:48,第1名,1061496,有翡将改名周翡在越南播出
2021/11/21 11:48,第2名,846438,爸爸给女儿换尿不湿让叔叔出去
2021/11/21 11:48,第3名,753060,党的二十大代表这样产生
2021/11/21 11:48,第4名,715342,时代少年团新歌醉
2021/11/21 11:48,第5名,556796,ofo退押金充值10元退押2.5元
2021/11/21 11:48,第6名,552043,医学生强忍不适配合练习插胃管
2021/11/21 11:48,第7名,543614,张卫健出场后秒变追光茶话会
2021/11/21 11:48,第8名,531910,小伙躺着玩手机砸眼致视网膜脱离
2021/11/21 11:48,第9名,524107,拼音o的发音应该念欧
2021/11/21 11:48,第10名,523014,8名大三学生捐1.5万奖学金用于助学
2021/11/21 11:49,第1名,1053875,有翡将改名周翡在越南播出
2021/11/21 11:49,第2名,1043444,爸爸给女儿换尿不湿让叔叔出去
2021/11/21 11:49,第3名,752250,党的二十大代表这样产生
2021/11/21 11:49,第4名,712269,时代少年团新歌醉
2021/11/21 11:49,第5名,551304,ofo退押金充值10元退押2.5元
2021/11/21 11:49,第6名,545101,医学生强忍不适配合练习插胃管
2021/11/21 11:49,第7名,544797,张卫健出场后秒变追光茶话会
2021/11/21 11:49,第8名,537245,小伙躺着玩手机砸眼致视网膜脱离
2021/11/21 11:49,第9名,527336,拼音o的发音应该念欧
2021/11/21 11:49,第10名,526218,8名大三学生捐1.5万奖学金用于助学
2021/11/21 11:50,第1名,1049760,有翡将改名周翡在越南播出
2021/11/21 11:50,第2名,1019617,爸爸给女儿换尿不湿让叔叔出去
2021/11/21 11:50,第3名,749705,党的二十大代表这样产生
2021/11/21 11:50,第4名,710976,时代少年团新歌醉
2021/11/21 11:50,第5名,541237,ofo退押金充值10元退押2.5元
2021/11/21 11:50,第6名,537954,医学生强忍不适配合练习插胃管
2021/11/21 11:50,第7名,530676,张卫健出场后秒变追光茶话会
2021/11/21 11:50,第8名,526557,小伙躺着玩手机砸眼致视网膜脱离
2021/11/21 11:50,第9名,521869,拼音o的发音应该念欧
2021/11/21 11:50,第10名,519052,8名大三学生捐1.5万奖学金用于助学
2021/11/21 11:51,第1名,1042120,有翡将改名周翡在越南播出
2021/11/21 11:51,第2名,1006783,爸爸给女儿换尿不湿让叔叔出去
2021/11/21 11:51,第3名,743184,党的二十大代表这样产生
2021/11/21 11:51,第4名,708417,时代少年团新歌醉
2021/11/21 11:51,第5名,532955,ofo退押金充值10元退押2.5元
2021/11/21 11:51,第6名,530345,医学生强忍不适配合练习插胃管
2021/11/21 11:51,第7名,528678,张卫健出场后秒变追光茶话会
2021/11/21 11:51,第8名,524520,小伙躺着玩手机砸眼致视网膜脱离
2021/11/21 11:51,第9名,520244,拼音o的发音应该念欧
2021/11/21 11:51,第10名,517400,8名大三学生捐1.5万奖学金用于助学
2021/11/21 11:52,第1名,1032588,有翡将改名周翡在越南播出
2021/11/21 11:52,第2名,989460,爸爸给女儿换尿不湿让叔叔出去
2021/11/21 11:52,第3名,730582,党的二十大代表这样产生
2021/11/21 11:52,第4名,702809,时代少年团新歌醉
2021/11/21 11:52,第5名,520284,ofo退押金充值10元退押2.5元
2021/11/21 11:52,第6名,519458,张卫健出场后秒变追光茶话会
2021/11/21 11:52,第7名,516380,医学生强忍不适配合练习插胃管
2021/11/21 11:52,第8名,514656,小伙躺着玩手机砸眼致视网膜脱离
2021/11/21 11:52,第9名,513959,拼音o的发音应该念欧
2021/11/21 11:52,第10名,512081,8名大三学生捐1.5万奖学金用于助学
2021/11/21 11:53,第1名,1023734,有翡将改名周翡在越南播出
2021/11/21 11:53,第2名,992112,爸爸给女儿换尿不湿让叔叔出去
2021/11/21 11:53,第3名,718008,党的二十大代表这样产生
2021/11/21 11:53,第4名,694118,时代少年团新歌醉
2021/11/21 11:53,第5名,591805,ofo退押金充值10元退押2.5元
2021/11/21 11:53,第6名,556496,张卫健出场后秒变追光茶话会
2021/11/21 11:53,第7名,556208,医学生强忍不适配合练习插胃管
2021/11/21 11:53,第8名,556177,历代iPhone取消的功能
2021/11/21 11:53,第9名,556101,拼音o的发音应该念欧
2021/11/21 11:53,第10名,512759,8名大三学生捐1.5万奖学金用于助学
2021/11/21 11:54,第1名,1012315,有翡将改名周翡在越南播出
2021/11/21 11:54,第2名,972563,爸爸给女儿换尿不湿让叔叔出去
2021/11/21 11:54,第3名,768407,党的二十大代表这样产生
2021/11/21 11:54,第4名,707276,时代少年团新歌醉
2021/11/21 11:54,第5名,680296,历代iPhone取消的功能
2021/11/21 11:54,第6名,586002,张卫健出场后秒变追光茶话会
2021/11/21 11:54,第7名,560497,ofo退押金充值10元退押2.5元
2021/11/21 11:54,第8名,557051,医学生强忍不适配合练习插胃管
2021/11/21 11:54,第9名,549700,拼音o的发音应该念欧
2021/11/21 11:54,第10名,504038,8名大三学生捐1.5万奖学金用于助学
2021/11/21 11:55,第1名,999812,有翡将改名周翡在越南播出
2021/11/21 11:55,第2名,958782,爸爸给女儿换尿不湿让叔叔出去
2021/11/21 11:55,第3名,933380,党的二十大代表这样产生
2021/11/21 11:55,第4名,694458,时代少年团新歌醉
2021/11/21 11:55,第5名,665512,历代iPhone取消的功能
2021/11/21 11:55,第6名,596642,张卫健出场后秒变追光茶话会
2021/11/21 11:55,第7名,570601,ofo退押金充值10元退押2.5元
2021/11/21 11:55,第8名,566314,医学生强忍不适配合练习插胃管
2021/11/21 11:55,第9名,546867,拼音o的发音应该念欧
2021/11/21 11:55,第10名,496132,8名大三学生捐1.5万奖学金用于助学
2021/11/21 11:56,第1名,987966,有翡将改名周翡在越南播出
2021/11/21 11:56,第2名,936375,爸爸给女儿换尿不湿让叔叔出去
2021/11/21 11:56,第3名,934780,党的二十大代表这样产生
2021/11/21 11:56,第4名,676635,历代iPhone取消的功能
2021/11/21 11:56,第5名,650829,时代少年团新歌醉
2021/11/21 11:56,第6名,587048,张卫健出场后秒变追光茶话会
2021/11/21 11:56,第7名,548145,ofo退押金充值10元退押2.5元
2021/11/21 11:56,第8名,547544,医学生强忍不适配合练习插胃管
2021/11/21 11:56,第9名,544636,拼音o的发音应该念欧
2021/11/21 11:56,第10名,488381,8名大三学生捐1.5万奖学金用于助学
2021/11/21 11:57,第1名,976469,有翡将改名周翡在越南播出
2021/11/21 11:57,第2名,945509,爸爸给女儿换尿不湿让叔叔出去
2021/11/21 11:57,第3名,938160,党的二十大代表这样产生
2021/11/21 11:57,第4名,661702,历代iPhone取消的功能
2021/11/21 11:57,第5名,639913,时代少年团新歌醉
2021/11/21 11:57,第6名,549393,张卫健出场后秒变追光茶话会
2021/11/21 11:57,第7名,544221,ofo退押金充值10元退押2.5元
2021/11/21 11:57,第8名,543855,医学生强忍不适配合练习插胃管
2021/11/21 11:57,第9名,541845,拼音o的发音应该念欧
2021/11/21 11:57,第10名,482840,8名大三学生捐1.5万奖学金用于助学
2021/11/21 11:58,第1名,966232,有翡将改名周翡在越南播出
2021/11/21 11:58,第2名,933973,爸爸给女儿换尿不湿让叔叔出去
2021/11/21 11:58,第3名,929960,党的二十大代表这样产生
2021/11/21 11:58,第4名,644442,历代iPhone取消的功能
2021/11/21 11:58,第5名,626787,时代少年团新歌醉
2021/11/21 11:58,第6名,479551,张卫健出场后秒变追光茶话会
2021/11/21 11:58,第7名,463505,ofo退押金充值10元退押2.5元
2021/11/21 11:58,第8名,463322,医学生强忍不适配合练习插胃管
2021/11/21 11:58,第9名,462587,海贼王1000集
2021/11/21 11:58,第10名,458971,拼音o的发音应该念欧
2021/11/21 11:59,第1名,952826,有翡将改名周翡在越南播出
2021/11/21 11:59,第2名,905316,爸爸给女儿换尿不湿让叔叔出去
2021/11/21 11:59,第3名,903653,党的二十大代表这样产生
2021/11/21 11:59,第4名,625590,历代iPhone取消的功能
2021/11/21 11:59,第5名,613777,时代少年团新歌醉
2021/11/21 11:59,第6名,476672,张卫健出场后秒变追光茶话会
2021/11/21 11:59,第7名,468644,ofo退押金充值10元退押2.5元
2021/11/21 11:59,第8名,462794,医学生强忍不适配合练习插胃管
2021/11/21 11:59,第9名,462094,海贼王1000集
2021/11/21 11:59,第10名,456117,拼音o的发音应该念欧
2021/11/21 12:00,第1名,941416,有翡将改名周翡在越南播出
2021/11/21 12:00,第2名,900814,爸爸给女儿换尿不湿让叔叔出去
2021/11/21 12:00,第3名,896688,党的二十大代表这样产生
2021/11/21 12:00,第4名,615582,历代iPhone取消的功能
2021/11/21 12:00,第5名,602382,时代少年团新歌醉
2021/11/21 12:00,第6名,547688,张卫健出场后秒变追光茶话会
2021/11/21 12:00,第7名,536448,ofo退押金充值10元退押2.5元
2021/11/21 12:00,第8名,536365,医学生强忍不适配合练习插胃管
2021/11/21 12:00,第9名,529968,拼音o的发音应该念欧
2021/11/21 12:00,第10名,475490,我国决定和立陶宛外交关系降为代办级
2021/11/21 12:01,第1名,923589,有翡将改名周翡在越南播出
2021/11/21 12:01,第2名,893112,爸爸给女儿换尿不湿让叔叔出去
2021/11/21 12:01,第3名,885189,党的二十大代表这样产生
2021/11/21 12:01,第4名,600211,历代iPhone取消的功能
2021/11/21 12:01,第5名,589395,时代少年团新歌醉
2021/11/21 12:01,第6名,579197,张卫健出场后秒变追光茶话会
2021/11/21 12:01,第7名,550407,ofo退押金充值10元退押2.5元
2021/11/21 12:01,第8名,538757,医学生强忍不适配合练习插胃管
2021/11/21 12:01,第9名,524780,我国决定和立陶宛外交关系降为代办级
2021/11/21 12:01,第10名,521963,拼音o的发音应该念欧
2021/11/21 12:02,第1名,918779,有翡将改名周翡在越南播出
2021/11/21 12:02,第2名,872524,爸爸给女儿换尿不湿让叔叔出去
2021/11/21 12:02,第3名,870826,党的二十大代表这样产生
2021/11/21 12:02,第4名,645910,历代iPhone取消的功能
2021/11/21 12:02,第5名,595223,时代少年团新歌醉
2021/11/21 12:02,第6名,583115,我国决定和立陶宛外交关系降为代办级
2021/11/21 12:02,第7名,515513,张卫健出场后秒变追光茶话会
2021/11/21 12:02,第8名,513752,ofo退押金充值10元退押2.5元
2021/11/21 12:02,第9名,511772,医学生强忍不适配合练习插胃管
2021/11/21 12:02,第10名,511571,拼音o的发音应该念欧
2021/11/21 12:03,第1名,912483,有翡将改名周翡在越南播出
2021/11/21 12:03,第2名,863625,爸爸给女儿换尿不湿让叔叔出去
2021/11/21 12:03,第3名,862831,党的二十大代表这样产生
2021/11/21 12:03,第4名,721884,历代iPhone取消的功能
2021/11/21 12:03,第5名,589681,时代少年团新歌醉
2021/11/21 12:03,第6名,577796,我国决定和立陶宛外交关系降为代办级
2021/11/21 12:03,第7名,507201,张卫健出场后秒变追光茶话会
2021/11/21 12:03,第8名,506734,ofo退押金充值10元退押2.5元
2021/11/21 12:03,第9名,505834,医学生强忍不适配合练习插胃管
2021/11/21 12:03,第10名,501485,拼音o的发音应该念欧
2021/11/21 12:04,第1名,909486,有翡将改名周翡在越南播出
2021/11/21 12:04,第2名,879090,爸爸给女儿换尿不湿让叔叔出去
2021/11/21 12:04,第3名,874709,党的二十大代表这样产生
2021/11/21 12:04,第4名,806916,历代iPhone取消的功能
2021/11/21 12:04,第5名,584136,时代少年团新歌醉
2021/11/21 12:04,第6名,572443,我国决定和立陶宛外交关系降为代办级
2021/11/21 12:04,第7名,515129,张卫健出场后秒变追光茶话会
2021/11/21 12:04,第8名,510408,ofo退押金充值10元退押2.5元
2021/11/21 12:04,第9名,500850,医学生强忍不适配合练习插胃管
2021/11/21 12:04,第10名,497188,拼音o的发音应该念欧
2021/11/21 12:05,第1名,901285,有翡将改名周翡在越南播出
2021/11/21 12:05,第2名,869728,爸爸给女儿换尿不湿让叔叔出去
2021/11/21 12:05,第3名,868977,党的二十大代表这样产生
2021/11/21 12:05,第4名,865209,历代iPhone取消的功能
2021/11/21 12:05,第5名,577726,我国决定和立陶宛外交关系降为代办级
2021/11/21 12:05,第6名,568835,时代少年团新歌醉
2021/11/21 12:05,第7名,524884,张卫健出场后秒变追光茶话会
2021/11/21 12:05,第8名,513490,ofo退押金充值10元退押2.5元
2021/11/21 12:05,第9名,492205,医学生强忍不适配合练习插胃管
2021/11/21 12:05,第10名,489321,拼音o的发音应该念欧
2021/11/21 12:06,第1名,980788,有翡将改名周翡在越南播出
2021/11/21 12:06,第2名,933169,我国决定和立陶宛外交关系降为代办级
2021/11/21 12:06,第3名,926780,党的二十大代表这样产生
2021/11/21 12:06,第4名,900241,历代iPhone取消的功能
2021/11/21 12:06,第5名,572685,爸爸给女儿换尿不湿让叔叔出去
2021/11/21 12:06,第6名,567906,时代少年团新歌醉
2021/11/21 12:06,第7名,498860,张卫健出场后秒变追光茶话会
2021/11/21 12:06,第8名,493760,ofo退押金充值10元退押2.5元
2021/11/21 12:06,第9名,487607,医学生强忍不适配合练习插胃管
2021/11/21 12:06,第10名,486005,拼音o的发音应该念欧
2021/11/21 12:07,第1名,1078264,有翡将改名周翡在越南播出
2021/11/21 12:07,第2名,924714,我国决定和立陶宛外交关系降为代办级
2021/11/21 12:07,第3名,922209,党的二十大代表这样产生
2021/11/21 12:07,第4名,889430,历代iPhone取消的功能
2021/11/21 12:07,第5名,568292,爸爸给女儿换尿不湿让叔叔出去
2021/11/21 12:07,第6名,567365,时代少年团新歌醉
2021/11/21 12:07,第7名,497231,张卫健出场后秒变追光茶话会
2021/11/21 12:07,第8名,492266,ofo退押金充值10元退押2.5元
2021/11/21 12:07,第9名,482928,医学生强忍不适配合练习插胃管
2021/11/21 12:07,第10名,479154,拼音o的发音应该念欧
2021/11/21 12:08,第1名,1175733,有翡将改名周翡在越南播出
2021/11/21 12:08,第2名,986200,我国决定和立陶宛外交关系降为代办级
2021/11/21 12:08,第3名,976000,党的二十大代表这样产生
2021/11/21 12:08,第4名,876645,历代iPhone取消的功能
2021/11/21 12:08,第5名,567862,爸爸给女儿换尿不湿让叔叔出去
2021/11/21 12:08,第6名,567778,时代少年团新歌醉
2021/11/21 12:08,第7名,506936,张卫健出场后秒变追光茶话会
2021/11/21 12:08,第8名,499455,ofo退押金充值10元退押2.5元
2021/11/21 12:08,第9名,479917,医学生强忍不适配合练习插胃管
2021/11/21 12:08,第10名,473097,拼音o的发音应该念欧
2021/11/21 12:09,第1名,1265083,有翡将改名周翡在越南播出
2021/11/21 12:09,第2名,913539,我国决定和立陶宛外交关系降为代办级
2021/11/21 12:09,第3名,899988,党的二十大代表这样产生
2021/11/21 12:09,第4名,863162,历代iPhone取消的功能
2021/11/21 12:09,第5名,568282,爸爸给女儿换尿不湿让叔叔出去
2021/11/21 12:09,第6名,565899,时代少年团新歌醉
2021/11/21 12:09,第7名,516028,张卫健出场后秒变追光茶话会
2021/11/21 12:09,第8名,514995,ofo退押金充值10元退押2.5元
2021/11/21 12:09,第9名,470858,医学生强忍不适配合练习插胃管
2021/11/21 12:09,第10名,470514,拼音o的发音应该念欧
2021/11/21 12:10,第1名,1347314,有翡将改名周翡在越南播出
2021/11/21 12:10,第2名,857285,我国决定和立陶宛外交关系降为代办级
2021/11/21 12:10,第3名,855657,党的二十大代表这样产生
2021/11/21 12:10,第4名,854010,历代iPhone取消的功能
2021/11/21 12:10,第5名,569525,爸爸给女儿换尿不湿让叔叔出去
2021/11/21 12:10,第6名,566195,时代少年团新歌醉
2021/11/21 12:10,第7名,470437,张卫健出场后秒变追光茶话会
2021/11/21 12:10,第8名,470187,ofo退押金充值10元退押2.5元
2021/11/21 12:10,第9名,469523,医学生强忍不适配合练习插胃管
2021/11/21 12:10,第10名,465831,拼音o的发音应该念欧
2021/11/21 12:11,第1名,1437199,有翡将改名周翡在越南播出
2021/11/21 12:11,第2名,867725,我国决定和立陶宛外交关系降为代办级
2021/11/21 12:11,第3名,859352,党的二十大代表这样产生
2021/11/21 12:11,第4名,845536,历代iPhone取消的功能
2021/11/21 12:11,第5名,566649,爸爸给女儿换尿不湿让叔叔出去
2021/11/21 12:11,第6名,566399,时代少年团新歌醉
2021/11/21 12:11,第7名,504896,张卫健出场后秒变追光茶话会
2021/11/21 12:11,第8名,487245,ofo退押金充值10元退押2.5元
2021/11/21 12:11,第9名,468495,医学生强忍不适配合练习插胃管
2021/11/21 12:11,第10名,465682,拼音o的发音应该念欧
2021/11/21 12:12,第1名,1530859,有翡将改名周翡在越南播出
2021/11/21 12:12,第2名,1100718,我国决定和立陶宛外交关系降为代办级
2021/11/21 12:12,第3名,1025098,党的二十大代表这样产生
2021/11/21 12:12,第4名,834858,历代iPhone取消的功能
2021/11/21 12:12,第5名,572079,爸爸给女儿换尿不湿让叔叔出去
2021/11/21 12:12,第6名,568713,时代少年团新歌醉
2021/11/21 12:12,第7名,504371,张卫健出场后秒变追光茶话会
2021/11/21 12:12,第8名,502201,ofo退押金充值10元退押2.5元
2021/11/21 12:12,第9名,495383,医学生强忍不适配合练习插胃管
2021/11/21 12:12,第10名,467245,拼音o的发音应该念欧
2021/11/21 12:13,第1名,1591010,有翡将改名周翡在越南播出
2021/11/21 12:13,第2名,926781,我国决定和立陶宛外交关系降为代办级
2021/11/21 12:13,第3名,896682,党的二十大代表这样产生
2021/11/21 12:13,第4名,823034,历代iPhone取消的功能
2021/11/21 12:13,第5名,569887,爸爸给女儿换尿不湿让叔叔出去
2021/11/21 12:13,第6名,563826,时代少年团新歌醉
2021/11/21 12:13,第7名,512980,张卫健出场后秒变追光茶话会
2021/11/21 12:13,第8名,512796,ofo退押金充值10元退押2.5元
2021/11/21 12:13,第9名,507182,医学生强忍不适配合练习插胃管
2021/11/21 12:13,第10名,463111,拼音o的发音应该念欧
2021/11/21 12:14,第1名,1673236,有翡将改名周翡在越南播出
2021/11/21 12:14,第2名,1138789,我国决定和立陶宛外交关系降为代办级
2021/11/21 12:14,第3名,1030636,党的二十大代表这样产生
2021/11/21 12:14,第4名,815063,历代iPhone取消的功能
2021/11/21 12:14,第5名,572404,爸爸给女儿换尿不湿让叔叔出去
2021/11/21 12:14,第6名,564859,时代少年团新歌醉
2021/11/21 12:14,第7名,525819,张卫健出场后秒变追光茶话会
2021/11/21 12:14,第8名,513738,ofo退押金充值10元退押2.5元
2021/11/21 12:14,第9名,495684,医学生强忍不适配合练习插胃管
2021/11/21 12:14,第10名,458752,拼音o的发音应该念欧
2021/11/21 12:15,第1名,1745559,有翡将改名周翡在越南播出
2021/11/21 12:15,第2名,969509,我国决定和立陶宛外交关系降为代办级
2021/11/21 12:15,第3名,940730,党的二十大代表这样产生
2021/11/21 12:15,第4名,804826,历代iPhone取消的功能
2021/11/21 12:15,第5名,567665,爸爸给女儿换尿不湿让叔叔出去
2021/11/21 12:15,第6名,563086,时代少年团新歌醉
2021/11/21 12:15,第7名,521362,张卫健出场后秒变追光茶话会
2021/11/21 12:15,第8名,511892,ofo退押金充值10元退押2.5元
2021/11/21 12:15,第9名,483190,医学生强忍不适配合练习插胃管
2021/11/21 12:15,第10名,456488,拼音o的发音应该念欧
2021/11/21 12:16,第1名,1789288,有翡将改名周翡在越南播出
2021/11/21 12:16,第2名,1128010,我国决定和立陶宛外交关系降为代办级
2021/11/21 12:16,第3名,981825,党的二十大代表这样产生
2021/11/21 12:16,第4名,793986,历代iPhone取消的功能
2021/11/21 12:16,第5名,565565,爸爸给女儿换尿不湿让叔叔出去
2021/11/21 12:16,第6名,560057,时代少年团新歌醉
2021/11/21 12:16,第7名,484817,张卫健出场后秒变追光茶话会
2021/11/21 12:16,第8名,481739,ofo退押金充值10元退押2.5元
2021/11/21 12:16,第9名,473859,医学生强忍不适配合练习插胃管
2021/11/21 12:16,第10名,455678,拼音o的发音应该念欧
2021/11/21 12:17,第1名,1850242,有翡将改名周翡在越南播出
2021/11/21 12:17,第2名,1017026,我国决定和立陶宛外交关系降为代办级
2021/11/21 12:17,第3名,933261,党的二十大代表这样产生
2021/11/21 12:17,第4名,791221,历代iPhone取消的功能
2021/11/21 12:17,第5名,560324,爸爸给女儿换尿不湿让叔叔出去
2021/11/21 12:17,第6名,554239,时代少年团新歌醉
2021/11/21 12:17,第7名,497469,张卫健出场后秒变追光茶话会
2021/11/21 12:17,第8名,491810,ofo退押金充值10元退押2.5元
2021/11/21 12:17,第9名,464020,医学生强忍不适配合练习插胃管
2021/11/21 12:17,第10名,453708,拼音o的发音应该念欧
2021/11/21 12:18,第1名,1906458,有翡将改名周翡在越南播出
2021/11/21 12:18,第2名,842557,我国决定和立陶宛外交关系降为代办级
2021/11/21 12:18,第3名,823871,党的二十大代表这样产生
2021/11/21 12:18,第4名,793713,历代iPhone取消的功能
2021/11/21 12:18,第5名,558578,爸爸给女儿换尿不湿让叔叔出去
2021/11/21 12:18,第6名,549779,时代少年团新歌醉
2021/11/21 12:18,第7名,463568,张卫健出场后秒变追光茶话会
2021/11/21 12:18,第8名,460481,ofo退押金充值10元退押2.5元
2021/11/21 12:18,第9名,455626,医学生强忍不适配合练习插胃管
2021/11/21 12:18,第10名,451213,拼音o的发音应该念欧
2021/11/21 12:19,第1名,1953972,我国决定和立陶宛外交关系降为代办级
2021/11/21 12:19,第2名,1039632,有翡将改名周翡在越南播出
2021/11/21 12:19,第3名,985528,党的二十大代表这样产生
2021/11/21 12:19,第4名,797701,历代iPhone取消的功能
2021/11/21 12:19,第5名,556629,爸爸给女儿换尿不湿让叔叔出去
2021/11/21 12:19,第6名,547898,时代少年团新歌醉
2021/11/21 12:19,第7名,456782,张卫健出场后秒变追光茶话会
2021/11/21 12:19,第8名,455889,ofo退押金充值10元退押2.5元
2021/11/21 12:19,第9名,450578,医学生强忍不适配合练习插胃管
2021/11/21 12:19,第10名,450085,拼音o的发音应该念欧
2021/11/21 12:20,第1名,2011496,我国决定和立陶宛外交关系降为代办级
2021/11/21 12:20,第2名,876366,有翡将改名周翡在越南播出
2021/11/21 12:20,第3名,839003,党的二十大代表这样产生
2021/11/21 12:20,第4名,796225,历代iPhone取消的功能
2021/11/21 12:20,第5名,554615,爸爸给女儿换尿不湿让叔叔出去
2021/11/21 12:20,第6名,545260,时代少年团新歌醉
2021/11/21 12:20,第7名,450472,张卫健出场后秒变追光茶话会
2021/11/21 12:20,第8名,449747,ofo退押金充值10元退押2.5元
2021/11/21 12:20,第9名,446885,医学生强忍不适配合练习插胃管
2021/11/21 12:20,第10名,444988,拼音o的发音应该念欧
2021/11/21 12:21,第1名,2066855,我国决定和立陶宛外交关系降为代办级
2021/11/21 12:21,第2名,855786,有翡将改名周翡在越南播出
2021/11/21 12:21,第3名,841825,党的二十大代表这样产生
2021/11/21 12:21,第4名,794327,历代iPhone取消的功能
2021/11/21 12:21,第5名,550600,爸爸给女儿换尿不湿让叔叔出去
2021/11/21 12:21,第6名,542494,时代少年团新歌醉
2021/11/21 12:21,第7名,488668,张卫健出场后秒变追光茶话会
2021/11/21 12:21,第8名,480990,ofo退押金充值10元退押2.5元
2021/11/21 12:21,第9名,442910,医学生强忍不适配合练习插胃管
2021/11/21 12:21,第10名,435214,拼音o的发音应该念欧
2021/11/21 12:22,第1名,2129586,我国决定和立陶宛外交关系降为代办级
2021/11/21 12:22,第2名,1076340,有翡将改名周翡在越南播出
2021/11/21 12:22,第3名,1039948,党的二十大代表这样产生
2021/11/21 12:22,第4名,796967,历代iPhone取消的功能
2021/11/21 12:22,第5名,544967,爸爸给女儿换尿不湿让叔叔出去
2021/11/21 12:22,第6名,536027,时代少年团新歌醉
2021/11/21 12:22,第7名,453687,张卫健出场后秒变追光茶话会
2021/11/21 12:22,第8名,448608,ofo退押金充值10元退押2.5元
2021/11/21 12:22,第9名,442049,医学生强忍不适配合练习插胃管
2021/11/21 12:22,第10名,425640,拼音o的发音应该念欧
2021/11/21 12:23,第1名,2786779,历代iPhone取消的功能
2021/11/21 12:23,第2名,2126103,我国决定和立陶宛外交关系降为代办级
2021/11/21 12:23,第3名,1890480,党的二十大代表这样产生
2021/11/21 12:23,第4名,796605,有翡将改名周翡在越南播出
2021/11/21 12:23,第5名,539492,爸爸给女儿换尿不湿让叔叔出去
2021/11/21 12:23,第6名,532534,时代少年团新歌醉
2021/11/21 12:23,第7名,422447,张卫健出场后秒变追光茶话会
2021/11/21 12:23,第8名,422150,ofo退押金充值10元退押2.5元
2021/11/21 12:23,第9名,421950,医学生强忍不适配合练习插胃管
2021/11/21 12:23,第10名,419994,拼音o的发音应该念欧
2021/11/21 12:24,第1名,2820974,历代iPhone取消的功能
2021/11/21 12:24,第2名,2074837,我国决定和立陶宛外交关系降为代办级
2021/11/21 12:24,第3名,1847642,党的二十大代表这样产生
2021/11/21 12:24,第4名,789874,有翡将改名周翡在越南播出
2021/11/21 12:24,第5名,535126,爸爸给女儿换尿不湿让叔叔出去
2021/11/21 12:24,第6名,529288,时代少年团新歌醉
2021/11/21 12:24,第7名,420350,张卫健出场后秒变追光茶话会
2021/11/21 12:24,第8名,419636,ofo退押金充值10元退押2.5元
2021/11/21 12:24,第9名,419518,医学生强忍不适配合练习插胃管
2021/11/21 12:24,第10名,413380,拼音o的发音应该念欧
2021/11/21 12:25,第1名,2874403,历代iPhone取消的功能
2021/11/21 12:25,第2名,2017448,我国决定和立陶宛外交关系降为代办级
2021/11/21 12:25,第3名,1888069,党的二十大代表这样产生
2021/11/21 12:25,第4名,789092,有翡将改名周翡在越南播出
2021/11/21 12:25,第5名,532513,爸爸给女儿换尿不湿让叔叔出去
2021/11/21 12:25,第6名,525145,时代少年团新歌醉
2021/11/21 12:25,第7名,417744,张卫健出场后秒变追光茶话会
2021/11/21 12:25,第8名,417313,ofo退押金充值10元退押2.5元
2021/11/21 12:25,第9名,417102,医学生强忍不适配合练习插胃管
2021/11/21 12:25,第10名,415227,拼音o的发音应该念欧
2021/11/21 12:26,第1名,2920746,历代iPhone取消的功能
2021/11/21 12:26,第2名,1978264,我国决定和立陶宛外交关系降为代办级
2021/11/21 12:26,第3名,1854880,党的二十大代表这样产生
2021/11/21 12:26,第4名,785769,有翡将改名周翡在越南播出
2021/11/21 12:26,第5名,527782,爸爸给女儿换尿不湿让叔叔出去
2021/11/21 12:26,第6名,522062,时代少年团新歌醉
2021/11/21 12:26,第7名,451988,张卫健出场后秒变追光茶话会
2021/11/21 12:26,第8名,451717,ofo退押金充值10元退押2.5元
2021/11/21 12:26,第9名,438415,医学生强忍不适配合练习插胃管
2021/11/21 12:26,第10名,431210,拼音o的发音应该念欧
2021/11/21 12:27,第1名,2985139,历代iPhone取消的功能
2021/11/21 12:27,第2名,1960969,我国决定和立陶宛外交关系降为代办级
2021/11/21 12:27,第3名,1761472,党的二十大代表这样产生
2021/11/21 12:27,第4名,780001,有翡将改名周翡在越南播出
2021/11/21 12:27,第5名,522716,爸爸给女儿换尿不湿让叔叔出去
2021/11/21 12:27,第6名,518373,时代少年团新歌醉
2021/11/21 12:27,第7名,473328,张卫健出场后秒变追光茶话会
2021/11/21 12:27,第8名,470213,ofo退押金充值10元退押2.5元
2021/11/21 12:27,第9名,462532,医学生强忍不适配合练习插胃管
2021/11/21 12:27,第10名,430109,拼音o的发音应该念欧
2021/11/21 12:28,第1名,3066079,历代iPhone取消的功能
2021/11/21 12:28,第2名,1962776,我国决定和立陶宛外交关系降为代办级
2021/11/21 12:28,第3名,1831827,党的二十大代表这样产生
2021/11/21 12:28,第4名,776693,有翡将改名周翡在越南播出
2021/11/21 12:28,第5名,519525,爸爸给女儿换尿不湿让叔叔出去
2021/11/21 12:28,第6名,517201,时代少年团新歌醉
2021/11/21 12:28,第7名,499385,张卫健出场后秒变追光茶话会
2021/11/21 12:28,第8名,496504,ofo退押金充值10元退押2.5元
2021/11/21 12:28,第9名,486179,医学生强忍不适配合练习插胃管
2021/11/21 12:28,第10名,429545,拼音o的发音应该念欧
2021/11/21 12:29,第1名,3104645,历代iPhone取消的功能
2021/11/21 12:29,第2名,1948097,我国决定和立陶宛外交关系降为代办级
2021/11/21 12:29,第3名,1799072,党的二十大代表这样产生
2021/11/21 12:29,第4名,766406,有翡将改名周翡在越南播出
2021/11/21 12:29,第5名,513857,爸爸给女儿换尿不湿让叔叔出去
2021/11/21 12:29,第6名,513472,时代少年团新歌醉
2021/11/21 12:29,第7名,507703,张卫健出场后秒变追光茶话会
2021/11/21 12:29,第8名,507547,医学生强忍不适配合练习插胃管
2021/11/21 12:29,第9名,505854,ofo退押金充值10元退押2.5元
2021/11/21 12:29,第10名,425245,拼音o的发音应该念欧
2021/11/21 12:30,第1名,3166957,历代iPhone取消的功能
2021/11/21 12:30,第2名,1920406,我国决定和立陶宛外交关系降为代办级
2021/11/21 12:30,第3名,1663442,党的二十大代表这样产生
2021/11/21 12:30,第4名,758158,有翡将改名周翡在越南播出
2021/11/21 12:30,第5名,523319,爸爸给女儿换尿不湿让叔叔出去
2021/11/21 12:30,第6名,512499,时代少年团新歌醉
2021/11/21 12:30,第7名,510147,张卫健出场后秒变追光茶话会
2021/11/21 12:30,第8名,509399,螺蛳粉火锅
2021/11/21 12:30,第9名,508065,医学生强忍不适配合练习插胃管
2021/11/21 12:30,第10名,423258,拼音o的发音应该念欧
2021/11/21 12:31,第1名,3226299,历代iPhone取消的功能
2021/11/21 12:31,第2名,1881692,我国决定和立陶宛外交关系降为代办级
2021/11/21 12:31,第3名,1704525,党的二十大代表这样产生
2021/11/21 12:31,第4名,754659,有翡将改名周翡在越南播出
2021/11/21 12:31,第5名,538715,爸爸给女儿换尿不湿让叔叔出去
2021/11/21 12:31,第6名,507969,时代少年团新歌醉
2021/11/21 12:31,第7名,503934,张卫健出场后秒变追光茶话会
2021/11/21 12:31,第8名,503777,螺蛳粉火锅
2021/11/21 12:31,第9名,503610,医学生强忍不适配合练习插胃管
2021/11/21 12:31,第10名,421117,拼音o的发音应该念欧
2021/11/21 12:32,第1名,3284695,历代iPhone取消的功能
2021/11/21 12:32,第2名,1850833,我国决定和立陶宛外交关系降为代办级
2021/11/21 12:32,第3名,1658961,党的二十大代表这样产生
2021/11/21 12:32,第4名,750626,有翡将改名周翡在越南播出
2021/11/21 12:32,第5名,558975,爸爸给女儿换尿不湿让叔叔出去
2021/11/21 12:32,第6名,509983,时代少年团新歌醉
2021/11/21 12:32,第7名,498320,张卫健出场后秒变追光茶话会
2021/11/21 12:32,第8名,498117,螺蛳粉火锅
2021/11/21 12:32,第9名,495319,医学生强忍不适配合练习插胃管
2021/11/21 12:32,第10名,417604,拼音o的发音应该念欧
2021/11/21 12:33,第1名,3317004,历代iPhone取消的功能
2021/11/21 12:33,第2名,1810488,我国决定和立陶宛外交关系降为代办级
2021/11/21 12:33,第3名,1657943,党的二十大代表这样产生
2021/11/21 12:33,第4名,744509,有翡将改名周翡在越南播出
2021/11/21 12:33,第5名,575352,爸爸给女儿换尿不湿让叔叔出去
2021/11/21 12:33,第6名,508930,时代少年团新歌醉
2021/11/21 12:33,第7名,490497,螺蛳粉火锅
2021/11/21 12:33,第8名,489048,张卫健出场后秒变追光茶话会
2021/11/21 12:33,第9名,486134,医学生强忍不适配合练习插胃管
2021/11/21 12:33,第10名,416037,拼音o的发音应该念欧
2021/11/21 12:34,第1名,3297930,历代iPhone取消的功能
2021/11/21 12:34,第2名,1869884,爸爸给女儿换尿不湿让叔叔出去
2021/11/21 12:34,第3名,1801321,党的二十大代表这样产生
2021/11/21 12:34,第4名,1795763,我国决定和立陶宛外交关系降为代办级
2021/11/21 12:34,第5名,593722,有翡将改名周翡在越南播出
2021/11/21 12:34,第6名,506504,时代少年团新歌醉
2021/11/21 12:34,第7名,487930,螺蛳粉火锅
2021/11/21 12:34,第8名,487202,张卫健出场后秒变追光茶话会
2021/11/21 12:34,第9名,478675,医学生强忍不适配合练习插胃管
2021/11/21 12:34,第10名,413085,拼音o的发音应该念欧
2021/11/21 12:35,第1名,3246057,历代iPhone取消的功能
2021/11/21 12:35,第2名,2277695,爸爸给女儿换尿不湿让叔叔出去
2021/11/21 12:35,第3名,1956680,党的二十大代表这样产生
2021/11/21 12:35,第4名,1792309,我国决定和立陶宛外交关系降为代办级
2021/11/21 12:35,第5名,608184,有翡将改名周翡在越南播出
2021/11/21 12:35,第6名,506158,时代少年团新歌醉
2021/11/21 12:35,第7名,477271,螺蛳粉火锅
2021/11/21 12:35,第8名,475057,张卫健出场后秒变追光茶话会
2021/11/21 12:35,第9名,470722,医学生强忍不适配合练习插胃管
2021/11/21 12:35,第10名,409858,拼音o的发音应该念欧
2021/11/21 12:36,第1名,3214635,历代iPhone取消的功能
2021/11/21 12:36,第2名,1789561,爸爸给女儿换尿不湿让叔叔出去
2021/11/21 12:36,第3名,1783599,党的二十大代表这样产生
2021/11/21 12:36,第4名,1778511,我国决定和立陶宛外交关系降为代办级
2021/11/21 12:36,第5名,623253,有翡将改名周翡在越南播出
2021/11/21 12:36,第6名,501906,螺蛳粉火锅
2021/11/21 12:36,第7名,468019,时代少年团新歌醉
2021/11/21 12:36,第8名,467913,张卫健出场后秒变追光茶话会
2021/11/21 12:36,第9名,466016,医学生强忍不适配合练习插胃管
2021/11/21 12:36,第10名,408355,拼音o的发音应该念欧
2021/11/21 12:37,第1名,3187139,历代iPhone取消的功能
2021/11/21 12:37,第2名,1767804,我国决定和立陶宛外交关系降为代办级
2021/11/21 12:37,第3名,1625378,党的二十大代表这样产生
2021/11/21 12:37,第4名,758066,有翡将改名周翡在越南播出
2021/11/21 12:37,第5名,637218,爸爸给女儿换尿不湿让叔叔出去
2021/11/21 12:37,第6名,499670,螺蛳粉火锅
2021/11/21 12:37,第7名,477713,时代少年团新歌醉
2021/11/21 12:37,第8名,476089,张卫健出场后秒变追光茶话会
2021/11/21 12:37,第9名,460145,医学生强忍不适配合练习插胃管
2021/11/21 12:37,第10名,403549,拼音o的发音应该念欧
2021/11/21 12:38,第1名,3142493,历代iPhone取消的功能
2021/11/21 12:38,第2名,1766545,我国决定和立陶宛外交关系降为代办级
2021/11/21 12:38,第3名,1596414,党的二十大代表这样产生
2021/11/21 12:38,第4名,756936,有翡将改名周翡在越南播出
2021/11/21 12:38,第5名,650939,爸爸给女儿换尿不湿让叔叔出去
2021/11/21 12:38,第6名,495802,螺蛳粉火锅
2021/11/21 12:38,第7名,472299,时代少年团新歌醉
2021/11/21 12:38,第8名,470573,张卫健出场后秒变追光茶话会
2021/11/21 12:38,第9名,453625,医学生强忍不适配合练习插胃管
2021/11/21 12:38,第10名,411860,拼音o的发音应该念欧
2021/11/21 12:39,第1名,3126842,历代iPhone取消的功能
2021/11/21 12:39,第2名,1771373,我国决定和立陶宛外交关系降为代办级
2021/11/21 12:39,第3名,1625749,党的二十大代表这样产生
2021/11/21 12:39,第4名,753164,有翡将改名周翡在越南播出
2021/11/21 12:39,第5名,661429,爸爸给女儿换尿不湿让叔叔出去
2021/11/21 12:39,第6名,492582,螺蛳粉火锅
2021/11/21 12:39,第7名,454025,时代少年团新歌醉
2021/11/21 12:39,第8名,452387,张卫健出场后秒变追光茶话会
2021/11/21 12:39,第9名,448168,医学生强忍不适配合练习插胃管
2021/11/21 12:39,第10名,423976,拼音o的发音应该念欧
2021/11/21 12:40,第1名,3104951,历代iPhone取消的功能
2021/11/21 12:40,第2名,1776706,我国决定和立陶宛外交关系降为代办级
2021/11/21 12:40,第3名,1526395,党的二十大代表这样产生
2021/11/21 12:40,第4名,752378,有翡将改名周翡在越南播出
2021/11/21 12:40,第5名,674232,爸爸给女儿换尿不湿让叔叔出去
2021/11/21 12:40,第6名,486837,螺蛳粉火锅
2021/11/21 12:40,第7名,444596,时代少年团新歌醉
2021/11/21 12:40,第8名,444472,张卫健出场后秒变追光茶话会
2021/11/21 12:40,第9名,444110,医学生强忍不适配合练习插胃管
2021/11/21 12:40,第10名,436073,拼音o的发音应该念欧
2021/11/21 12:41,第1名,3088041,历代iPhone取消的功能
2021/11/21 12:41,第2名,1767884,我国决定和立陶宛外交关系降为代办级
2021/11/21 12:41,第3名,1566758,党的二十大代表这样产生
2021/11/21 12:41,第4名,747620,有翡将改名周翡在越南播出
2021/11/21 12:41,第5名,682884,爸爸给女儿换尿不湿让叔叔出去
2021/11/21 12:41,第6名,486497,螺蛳粉火锅
2021/11/21 12:41,第7名,457674,时代少年团新歌醉
2021/11/21 12:41,第8名,453374,张卫健出场后秒变追光茶话会
2021/11/21 12:41,第9名,442563,医学生强忍不适配合练习插胃管
2021/11/21 12:41,第10名,438350,拼音o的发音应该念欧
2021/11/21 12:42,第1名,3074657,历代iPhone取消的功能
2021/11/21 12:42,第2名,1772851,我国决定和立陶宛外交关系降为代办级
2021/11/21 12:42,第3名,1419793,党的二十大代表这样产生
2021/11/21 12:42,第4名,745876,有翡将改名周翡在越南播出
2021/11/21 12:42,第5名,689776,爸爸给女儿换尿不湿让叔叔出去
2021/11/21 12:42,第6名,481557,螺蛳粉火锅
2021/11/21 12:42,第7名,463405,时代少年团新歌醉
2021/11/21 12:42,第8名,460311,张卫健出场后秒变追光茶话会
2021/11/21 12:42,第9名,454593,医学生强忍不适配合练习插胃管
2021/11/21 12:42,第10名,440511,95后女孩在自家稻田里办婚礼
2021/11/21 12:43,第1名,3066639,历代iPhone取消的功能
2021/11/21 12:43,第2名,1788504,我国决定和立陶宛外交关系降为代办级
2021/11/21 12:43,第3名,1399973,党的二十大代表这样产生
2021/11/21 12:43,第4名,745695,有翡将改名周翡在越南播出
2021/11/21 12:43,第5名,692236,爸爸给女儿换尿不湿让叔叔出去
2021/11/21 12:43,第6名,475232,螺蛳粉火锅
2021/11/21 12:43,第7名,463981,时代少年团新歌醉
2021/11/21 12:43,第8名,463742,张卫健出场后秒变追光茶话会
2021/11/21 12:43,第9名,463479,医学生强忍不适配合练习插胃管
2021/11/21 12:43,第10名,441380,95后女孩在自家稻田里办婚礼
2021/11/21 12:44,第1名,3070432,历代iPhone取消的功能
2021/11/21 12:44,第2名,1791390,我国决定和立陶宛外交关系降为代办级
2021/11/21 12:44,第3名,1373174,党的二十大代表这样产生
2021/11/21 12:44,第4名,746040,有翡将改名周翡在越南播出
2021/11/21 12:44,第5名,685633,爸爸给女儿换尿不湿让叔叔出去
2021/11/21 12:44,第6名,472239,螺蛳粉火锅
2021/11/21 12:44,第7名,471187,时代少年团新歌醉
2021/11/21 12:44,第8名,471047,张卫健出场后秒变追光茶话会
2021/11/21 12:44,第9名,470711,车臣对俄罗斯意味着什么
2021/11/21 12:44,第10名,443051,95后女孩在自家稻田里办婚礼
2021/11/21 12:45,第1名,3075102,历代iPhone取消的功能
2021/11/21 12:45,第2名,1797343,我国决定和立陶宛外交关系降为代办级
2021/11/21 12:45,第3名,1561568,党的二十大代表这样产生
2021/11/21 12:45,第4名,733789,有翡将改名周翡在越南播出
2021/11/21 12:45,第5名,680559,爸爸给女儿换尿不湿让叔叔出去
2021/11/21 12:45,第6名,481237,螺蛳粉火锅
2021/11/21 12:45,第7名,465928,时代少年团新歌醉
2021/11/21 12:45,第8名,465794,张卫健出场后秒变追光茶话会
2021/11/21 12:45,第9名,465523,车臣对俄罗斯意味着什么
2021/11/21 12:45,第10名,447447,95后女孩在自家稻田里办婚礼
2021/11/21 12:46,第1名,3080141,历代iPhone取消的功能
2021/11/21 12:46,第2名,1822508,我国决定和立陶宛外交关系降为代办级
2021/11/21 12:46,第3名,1397287,党的二十大代表这样产生
2021/11/21 12:46,第4名,717975,有翡将改名周翡在越南播出
2021/11/21 12:46,第5名,674637,爸爸给女儿换尿不湿让叔叔出去
2021/11/21 12:46,第6名,491994,螺蛳粉火锅
2021/11/21 12:46,第7名,475275,时代少年团新歌醉
2021/11/21 12:46,第8名,473306,车臣对俄罗斯意味着什么
2021/11/21 12:46,第9名,461544,张卫健出场后秒变追光茶话会
2021/11/21 12:46,第10名,450425,95后女孩在自家稻田里办婚礼
2021/11/21 12:47,第1名,3077493,历代iPhone取消的功能
2021/11/21 12:47,第2名,1848148,我国决定和立陶宛外交关系降为代办级
2021/11/21 12:47,第3名,1384080,党的二十大代表这样产生
2021/11/21 12:47,第4名,705169,有翡将改名周翡在越南播出
2021/11/21 12:47,第5名,666271,爸爸给女儿换尿不湿让叔叔出去
2021/11/21 12:47,第6名,503988,螺蛳粉火锅
2021/11/21 12:47,第7名,487988,时代少年团新歌醉
2021/11/21 12:47,第8名,487503,魏晨回应自己永远29岁
2021/11/21 12:47,第9名,454855,车臣对俄罗斯意味着什么
2021/11/21 12:47,第10名,454264,95后女孩在自家稻田里办婚礼
2021/11/21 12:48,第1名,3086059,历代iPhone取消的功能
2021/11/21 12:48,第2名,1855745,我国决定和立陶宛外交关系降为代办级
2021/11/21 12:48,第3名,1467513,党的二十大代表这样产生
2021/11/21 12:48,第4名,702804,有翡将改名周翡在越南播出
2021/11/21 12:48,第5名,660727,爸爸给女儿换尿不湿让叔叔出去
2021/11/21 12:48,第6名,514041,螺蛳粉火锅
2021/11/21 12:48,第7名,489363,魏晨回应自己永远29岁
2021/11/21 12:48,第8名,488448,时代少年团新歌醉
2021/11/21 12:48,第9名,453185,车臣对俄罗斯意味着什么
2021/11/21 12:48,第10名,449760,95后女孩在自家稻田里办婚礼
2021/11/21 12:49,第1名,3080758,历代iPhone取消的功能
2021/11/21 12:49,第2名,1842572,我国决定和立陶宛外交关系降为代办级
2021/11/21 12:49,第3名,1519939,党的二十大代表这样产生
2021/11/21 12:49,第4名,703722,有翡将改名周翡在越南播出
2021/11/21 12:49,第5名,652479,爸爸给女儿换尿不湿让叔叔出去
2021/11/21 12:49,第6名,522573,魏晨回应自己永远29岁
2021/11/21 12:49,第7名,489279,螺蛳粉火锅
2021/11/21 12:49,第8名,484070,时代少年团新歌醉
2021/11/21 12:49,第9名,450894,车臣对俄罗斯意味着什么
2021/11/21 12:49,第10名,444508,95后女孩在自家稻田里办婚礼
2021/11/21 12:50,第1名,3082268,历代iPhone取消的功能
2021/11/21 12:50,第2名,1835913,我国决定和立陶宛外交关系降为代办级
2021/11/21 12:50,第3名,1483144,党的二十大代表这样产生
2021/11/21 12:50,第4名,698917,有翡将改名周翡在越南播出
2021/11/21 12:50,第5名,646885,魏晨回应自己永远29岁
2021/11/21 12:50,第6名,529694,爸爸给女儿换尿不湿让叔叔出去
2021/11/21 12:50,第7名,447205,螺蛳粉火锅
2021/11/21 12:50,第8名,446988,时代少年团新歌醉
2021/11/21 12:50,第9名,446059,车臣对俄罗斯意味着什么
2021/11/21 12:50,第10名,438789,95后女孩在自家稻田里办婚礼
2021/11/21 12:51,第1名,3085608,历代iPhone取消的功能
2021/11/21 12:51,第2名,1828491,我国决定和立陶宛外交关系降为代办级
2021/11/21 12:51,第3名,1388904,党的二十大代表这样产生
2021/11/21 12:51,第4名,694566,有翡将改名周翡在越南播出
2021/11/21 12:51,第5名,637119,魏晨回应自己永远29岁
2021/11/21 12:51,第6名,538343,爸爸给女儿换尿不湿让叔叔出去
2021/11/21 12:51,第7名,454164,螺蛳粉火锅
2021/11/21 12:51,第8名,447932,时代少年团新歌醉
2021/11/21 12:51,第9名,440872,车臣对俄罗斯意味着什么
2021/11/21 12:51,第10名,433019,95后女孩在自家稻田里办婚礼
2021/11/21 12:52,第1名,3089006,历代iPhone取消的功能
2021/11/21 12:52,第2名,1824337,我国决定和立陶宛外交关系降为代办级
2021/11/21 12:52,第3名,1378653,党的二十大代表这样产生
2021/11/21 12:52,第4名,688015,有翡将改名周翡在越南播出
2021/11/21 12:52,第5名,632417,魏晨回应自己永远29岁
2021/11/21 12:52,第6名,546951,爸爸给女儿换尿不湿让叔叔出去
2021/11/21 12:52,第7名,461060,螺蛳粉火锅
2021/11/21 12:52,第8名,458499,车臣对俄罗斯意味着什么
2021/11/21 12:52,第9名,439836,时代少年团新歌醉
2021/11/21 12:52,第10名,427504,95后女孩在自家稻田里办婚礼
2021/11/21 12:53,第1名,3085551,历代iPhone取消的功能
2021/11/21 12:53,第2名,1809499,我国决定和立陶宛外交关系降为代办级
2021/11/21 12:53,第3名,1266873,党的二十大代表这样产生
2021/11/21 12:53,第4名,680619,有翡将改名周翡在越南播出
2021/11/21 12:53,第5名,626301,魏晨回应自己永远29岁
2021/11/21 12:53,第6名,552889,爸爸给女儿换尿不湿让叔叔出去
2021/11/21 12:53,第7名,466690,螺蛳粉火锅
2021/11/21 12:53,第8名,458103,车臣对俄罗斯意味着什么
2021/11/21 12:53,第9名,438545,时代少年团新歌醉
2021/11/21 12:53,第10名,425607,95后女孩在自家稻田里办婚礼
2021/11/21 12:54,第1名,3084120,历代iPhone取消的功能
2021/11/21 12:54,第2名,1796194,我国决定和立陶宛外交关系降为代办级
2021/11/21 12:54,第3名,1353636,党的二十大代表这样产生
2021/11/21 12:54,第4名,674282,有翡将改名周翡在越南播出
2021/11/21 12:54,第5名,622939,魏晨回应自己永远29岁
2021/11/21 12:54,第6名,559845,爸爸给女儿换尿不湿让叔叔出去
2021/11/21 12:54,第7名,469567,螺蛳粉火锅
2021/11/21 12:54,第8名,461228,车臣对俄罗斯意味着什么
2021/11/21 12:54,第9名,440192,时代少年团新歌醉
2021/11/21 12:54,第10名,436291,95后女孩在自家稻田里办婚礼
2021/11/21 12:55,第1名,3079259,历代iPhone取消的功能
2021/11/21 12:55,第2名,1790268,我国决定和立陶宛外交关系降为代办级
2021/11/21 12:55,第3名,1267308,党的二十大代表这样产生
2021/11/21 12:55,第4名,670385,魏晨回应自己永远29岁
2021/11/21 12:55,第5名,618226,有翡将改名周翡在越南播出
2021/11/21 12:55,第6名,566602,爸爸给女儿换尿不湿让叔叔出去
2021/11/21 12:55,第7名,466348,螺蛳粉火锅
2021/11/21 12:55,第8名,456530,车臣对俄罗斯意味着什么
2021/11/21 12:55,第9名,445533,时代少年团新歌醉
2021/11/21 12:55,第10名,439578,95后女孩在自家稻田里办婚礼
2021/11/21 12:56,第1名,3074365,历代iPhone取消的功能
2021/11/21 12:56,第2名,1775183,我国决定和立陶宛外交关系降为代办级
2021/11/21 12:56,第3名,1423664,党的二十大代表这样产生
2021/11/21 12:56,第4名,670432,魏晨回应自己永远29岁
2021/11/21 12:56,第5名,615650,有翡将改名周翡在越南播出
2021/11/21 12:56,第6名,569376,爸爸给女儿换尿不湿让叔叔出去
2021/11/21 12:56,第7名,466524,螺蛳粉火锅
2021/11/21 12:56,第8名,465779,车臣对俄罗斯意味着什么
2021/11/21 12:56,第9名,452403,时代少年团新歌醉
2021/11/21 12:56,第10名,436344,95后女孩在自家稻田里办婚礼
2021/11/21 12:57,第1名,3066322,历代iPhone取消的功能
2021/11/21 12:57,第2名,1750645,我国决定和立陶宛外交关系降为代办级
2021/11/21 12:57,第3名,1501623,党的二十大代表这样产生
2021/11/21 12:57,第4名,665856,魏晨回应自己永远29岁
2021/11/21 12:57,第5名,613768,有翡将改名周翡在越南播出
2021/11/21 12:57,第6名,568634,爸爸给女儿换尿不湿让叔叔出去
2021/11/21 12:57,第7名,465475,螺蛳粉火锅
2021/11/21 12:57,第8名,464026,车臣对俄罗斯意味着什么
2021/11/21 12:57,第9名,458779,时代少年团新歌醉
2021/11/21 12:57,第10名,448592,95后女孩在自家稻田里办婚礼
2021/11/21 12:58,第1名,3062277,历代iPhone取消的功能
2021/11/21 12:58,第2名,1733176,我国决定和立陶宛外交关系降为代办级
2021/11/21 12:58,第3名,1518260,党的二十大代表这样产生
2021/11/21 12:58,第4名,663573,魏晨回应自己永远29岁
2021/11/21 12:58,第5名,612073,有翡将改名周翡在越南播出
2021/11/21 12:58,第6名,568459,爸爸给女儿换尿不湿让叔叔出去
2021/11/21 12:58,第7名,465880,螺蛳粉火锅
2021/11/21 12:58,第8名,465056,车臣对俄罗斯意味着什么
2021/11/21 12:58,第9名,464031,时代少年团新歌醉
2021/11/21 12:58,第10名,462499,95后女孩在自家稻田里办婚礼
2021/11/21 12:59,第1名,3061356,历代iPhone取消的功能
2021/11/21 12:59,第2名,1724949,我国决定和立陶宛外交关系降为代办级
2021/11/21 12:59,第3名,1537179,党的二十大代表这样产生
2021/11/21 12:59,第4名,657493,魏晨回应自己永远29岁
2021/11/21 12:59,第5名,610599,有翡将改名周翡在越南播出
2021/11/21 12:59,第6名,570454,爸爸给女儿换尿不湿让叔叔出去
2021/11/21 12:59,第7名,466339,螺蛳粉火锅
2021/11/21 12:59,第8名,465729,车臣对俄罗斯意味着什么
2021/11/21 12:59,第9名,465486,时代少年团新歌醉
2021/11/21 12:59,第10名,464993,95后女孩在自家稻田里办婚礼
2021/11/21 13:00,第1名,3053848,历代iPhone取消的功能
2021/11/21 13:00,第2名,1712768,我国决定和立陶宛外交关系降为代办级
2021/11/21 13:00,第3名,1609616,党的二十大代表这样产生
2021/11/21 13:00,第4名,654322,魏晨回应自己永远29岁
2021/11/21 13:00,第5名,609282,有翡将改名周翡在越南播出
2021/11/21 13:00,第6名,574252,爸爸给女儿换尿不湿让叔叔出去
2021/11/21 13:00,第7名,463797,螺蛳粉火锅
2021/11/21 13:00,第8名,463765,车臣对俄罗斯意味着什么
2021/11/21 13:00,第9名,463745,时代少年团新歌醉
2021/11/21 13:00,第10名,463722,烤肉店老板连续14天为民警送炭取暖
2021/11/21 13:01,第1名,3051888,历代iPhone取消的功能
2021/11/21 13:01,第2名,1703400,我国决定和立陶宛外交关系降为代办级
2021/11/21 13:01,第3名,1648089,党的二十大代表这样产生
2021/11/21 13:01,第4名,651682,魏晨回应自己永远29岁
2021/11/21 13:01,第5名,610994,有翡将改名周翡在越南播出
2021/11/21 13:01,第6名,574790,爸爸给女儿换尿不湿让叔叔出去
2021/11/21 13:01,第7名,550897,螺蛳粉火锅
2021/11/21 13:01,第8名,489614,车臣对俄罗斯意味着什么
2021/11/21 13:01,第9名,460570,外交部正告台湾方面
2021/11/21 13:01,第10名,450259,时代少年团新歌醉
2021/11/21 13:02,第1名,3051826,历代iPhone取消的功能
2021/11/21 13:02,第2名,1695780,我国决定和立陶宛外交关系降为代办级
2021/11/21 13:02,第3名,1683511,党的二十大代表这样产生
2021/11/21 13:02,第4名,652973,魏晨回应自己永远29岁
2021/11/21 13:02,第5名,613086,有翡将改名周翡在越南播出
2021/11/21 13:02,第6名,579718,爸爸给女儿换尿不湿让叔叔出去
2021/11/21 13:02,第7名,568068,螺蛳粉火锅
2021/11/21 13:02,第8名,478425,车臣对俄罗斯意味着什么
2021/11/21 13:02,第9名,457320,外交部正告台湾方面
2021/11/21 13:02,第10名,442854,时代少年团新歌醉
2021/11/21 13:03,第1名,3044736,历代iPhone取消的功能
2021/11/21 13:03,第2名,1682962,我国决定和立陶宛外交关系降为代办级
2021/11/21 13:03,第3名,1153154,党的二十大代表这样产生
2021/11/21 13:03,第4名,651542,魏晨回应自己永远29岁
2021/11/21 13:03,第5名,612706,有翡将改名周翡在越南播出
2021/11/21 13:03,第6名,588558,爸爸给女儿换尿不湿让叔叔出去
2021/11/21 13:03,第7名,581553,螺蛳粉火锅
2021/11/21 13:03,第8名,486420,外交部正告台湾方面
2021/11/21 13:03,第9名,455303,车臣对俄罗斯意味着什么
2021/11/21 13:03,第10名,441579,时代少年团新歌醉
2021/11/21 13:04,第1名,3029781,历代iPhone取消的功能
2021/11/21 13:04,第2名,1675670,我国决定和立陶宛外交关系降为代办级
2021/11/21 13:04,第3名,1296632,党的二十大代表这样产生
2021/11/21 13:04,第4名,648233,魏晨回应自己永远29岁
2021/11/21 13:04,第5名,623392,有翡将改名周翡在越南播出
2021/11/21 13:04,第6名,614245,爸爸给女儿换尿不湿让叔叔出去
2021/11/21 13:04,第7名,578891,外交部正告台湾方面
2021/11/21 13:04,第8名,477402,螺蛳粉火锅
2021/11/21 13:04,第9名,453630,车臣对俄罗斯意味着什么
2021/11/21 13:04,第10名,441617,时代少年团新歌醉
2021/11/21 13:05,第1名,3013048,历代iPhone取消的功能
2021/11/21 13:05,第2名,1663005,我国决定和立陶宛外交关系降为代办级
2021/11/21 13:05,第3名,1275914,党的二十大代表这样产生
2021/11/21 13:05,第4名,656482,魏晨回应自己永远29岁
2021/11/21 13:05,第5名,647733,有翡将改名周翡在越南播出
2021/11/21 13:05,第6名,612928,外交部正告台湾方面
2021/11/21 13:05,第7名,571045,爸爸给女儿换尿不湿让叔叔出去
2021/11/21 13:05,第8名,481168,螺蛳粉火锅
2021/11/21 13:05,第9名,452575,车臣对俄罗斯意味着什么
2021/11/21 13:05,第10名,442108,时代少年团新歌醉
2021/11/21 13:06,第1名,2994404,历代iPhone取消的功能
2021/11/21 13:06,第2名,1660177,我国决定和立陶宛外交关系降为代办级
2021/11/21 13:06,第3名,1302475,党的二十大代表这样产生
2021/11/21 13:06,第4名,676493,魏晨回应自己永远29岁
2021/11/21 13:06,第5名,642689,有翡将改名周翡在越南播出
2021/11/21 13:06,第6名,613356,外交部正告台湾方面
2021/11/21 13:06,第7名,565682,爸爸给女儿换尿不湿让叔叔出去
2021/11/21 13:06,第8名,475134,螺蛳粉火锅
2021/11/21 13:06,第9名,452856,车臣对俄罗斯意味着什么
2021/11/21 13:06,第10名,442722,时代少年团新歌醉
2021/11/21 13:07,第1名,2984944,历代iPhone取消的功能
2021/11/21 13:07,第2名,1654541,我国决定和立陶宛外交关系降为代办级
2021/11/21 13:07,第3名,1201201,党的二十大代表这样产生
2021/11/21 13:07,第4名,695373,魏晨回应自己永远29岁
2021/11/21 13:07,第5名,641914,有翡将改名周翡在越南播出
2021/11/21 13:07,第6名,611237,外交部正告台湾方面
2021/11/21 13:07,第7名,562615,爸爸给女儿换尿不湿让叔叔出去
2021/11/21 13:07,第8名,470172,螺蛳粉火锅
2021/11/21 13:07,第9名,450457,车臣对俄罗斯意味着什么
2021/11/21 13:07,第10名,440467,时代少年团新歌醉
2021/11/21 13:08,第1名,2973843,历代iPhone取消的功能
2021/11/21 13:08,第2名,1659477,我国决定和立陶宛外交关系降为代办级
2021/11/21 13:08,第3名,1160881,党的二十大代表这样产生
2021/11/21 13:08,第4名,715348,魏晨回应自己永远29岁
2021/11/21 13:08,第5名,638809,有翡将改名周翡在越南播出
2021/11/21 13:08,第6名,611426,外交部正告台湾方面
2021/11/21 13:08,第7名,557537,爸爸给女儿换尿不湿让叔叔出去
2021/11/21 13:08,第8名,472327,螺蛳粉火锅
2021/11/21 13:08,第9名,449046,车臣对俄罗斯意味着什么
2021/11/21 13:08,第10名,444478,时代少年团新歌醉
2021/11/21 13:09,第1名,2957800,历代iPhone取消的功能
2021/11/21 13:09,第2名,1655153,我国决定和立陶宛外交关系降为代办级
2021/11/21 13:09,第3名,1068742,党的二十大代表这样产生
2021/11/21 13:09,第4名,725611,魏晨回应自己永远29岁
2021/11/21 13:09,第5名,641038,有翡将改名周翡在越南播出
2021/11/21 13:09,第6名,609037,外交部正告台湾方面
2021/11/21 13:09,第7名,553628,爸爸给女儿换尿不湿让叔叔出去
2021/11/21 13:09,第8名,470268,螺蛳粉火锅
2021/11/21 13:09,第9名,453131,车臣对俄罗斯意味着什么
2021/11/21 13:09,第10名,446556,时代少年团新歌醉
2021/11/21 13:10,第1名,2946456,历代iPhone取消的功能
2021/11/21 13:10,第2名,1653705,我国决定和立陶宛外交关系降为代办级
2021/11/21 13:10,第3名,1325080,党的二十大代表这样产生
2021/11/21 13:10,第4名,751097,魏晨回应自己永远29岁
2021/11/21 13:10,第5名,638562,有翡将改名周翡在越南播出
2021/11/21 13:10,第6名,609284,外交部正告台湾方面
2021/11/21 13:10,第7名,549068,爸爸给女儿换尿不湿让叔叔出去
2021/11/21 13:10,第8名,471516,螺蛳粉火锅
2021/11/21 13:10,第9名,460261,车臣对俄罗斯意味着什么
2021/11/21 13:10,第10名,445956,时代少年团新歌醉
2021/11/21 13:11,第1名,2935034,历代iPhone取消的功能
2021/11/21 13:11,第2名,1647405,我国决定和立陶宛外交关系降为代办级
2021/11/21 13:11,第3名,1055895,党的二十大代表这样产生
2021/11/21 13:11,第4名,774760,魏晨回应自己永远29岁
2021/11/21 13:11,第5名,636312,有翡将改名周翡在越南播出
2021/11/21 13:11,第6名,605762,外交部正告台湾方面
2021/11/21 13:11,第7名,544201,爸爸给女儿换尿不湿让叔叔出去
2021/11/21 13:11,第8名,469181,螺蛳粉火锅
2021/11/21 13:11,第9名,468970,车臣对俄罗斯意味着什么
2021/11/21 13:11,第10名,443770,烤肉店老板连续14天为民警送炭取暖
2021/11/21 13:12,第1名,2924965,历代iPhone取消的功能
2021/11/21 13:12,第2名,1637400,我国决定和立陶宛外交关系降为代办级
2021/11/21 13:12,第3名,1291937,党的二十大代表这样产生
2021/11/21 13:12,第4名,784313,魏晨回应自己永远29岁
2021/11/21 13:12,第5名,631546,有翡将改名周翡在越南播出
2021/11/21 13:12,第6名,604062,外交部正告台湾方面
2021/11/21 13:12,第7名,540218,爸爸给女儿换尿不湿让叔叔出去
2021/11/21 13:12,第8名,472829,螺蛳粉火锅
2021/11/21 13:12,第9名,470093,车臣对俄罗斯意味着什么
2021/11/21 13:12,第10名,448735,烤肉店老板连续14天为民警送炭取暖
2021/11/21 13:13,第1名,2910434,历代iPhone取消的功能
2021/11/21 13:13,第2名,1636419,我国决定和立陶宛外交关系降为代办级
2021/11/21 13:13,第3名,1099374,党的二十大代表这样产生
2021/11/21 13:13,第4名,793824,魏晨回应自己永远29岁
2021/11/21 13:13,第5名,631990,有翡将改名周翡在越南播出
2021/11/21 13:13,第6名,602495,外交部正告台湾方面
2021/11/21 13:13,第7名,535163,爸爸给女儿换尿不湿让叔叔出去
2021/11/21 13:13,第8名,475648,螺蛳粉火锅
2021/11/21 13:13,第9名,472065,车臣对俄罗斯意味着什么
2021/11/21 13:13,第10名,452529,烤肉店老板连续14天为民警送炭取暖
2021/11/21 13:14,第1名,1629653,我国决定和立陶宛外交关系降为代办级
2021/11/21 13:14,第2名,1556279,历代iPhone取消的功能
2021/11/21 13:14,第3名,1245890,党的二十大代表这样产生
2021/11/21 13:14,第4名,804707,魏晨回应自己永远29岁
2021/11/21 13:14,第5名,632230,有翡将改名周翡在越南播出
2021/11/21 13:14,第6名,600661,外交部正告台湾方面
2021/11/21 13:14,第7名,534321,爸爸给女儿换尿不湿让叔叔出去
2021/11/21 13:14,第8名,476797,螺蛳粉火锅
2021/11/21 13:14,第9名,470240,车臣对俄罗斯意味着什么
2021/11/21 13:14,第10名,460903,烤肉店老板连续14天为民警送炭取暖
2021/11/21 13:15,第1名,1734770,我国决定和立陶宛外交关系降为代办级
2021/11/21 13:15,第2名,874142,有翡将改名周翡在越南播出
2021/11/21 13:15,第3名,858720,党的二十大代表这样产生
2021/11/21 13:15,第4名,807342,历代iPhone取消的功能
2021/11/21 13:15,第5名,629728,魏晨回应自己永远29岁
2021/11/21 13:15,第6名,599714,外交部正告台湾方面
2021/11/21 13:15,第7名,537239,爸爸给女儿换尿不湿让叔叔出去
2021/11/21 13:15,第8名,475833,螺蛳粉火锅
2021/11/21 13:15,第9名,472474,车臣对俄罗斯意味着什么
2021/11/21 13:15,第10名,466646,烤肉店老板连续14天为民警送炭取暖
2021/11/21 13:16,第1名,1991274,我国决定和立陶宛外交关系降为代办级
2021/11/21 13:16,第2名,842175,有翡将改名周翡在越南播出
2021/11/21 13:16,第3名,836894,党的二十大代表这样产生
2021/11/21 13:16,第4名,810572,历代iPhone取消的功能
2021/11/21 13:16,第5名,627045,魏晨回应自己永远29岁
2021/11/21 13:16,第6名,596497,外交部正告台湾方面
2021/11/21 13:16,第7名,538090,爸爸给女儿换尿不湿让叔叔出去
2021/11/21 13:16,第8名,469951,螺蛳粉火锅
2021/11/21 13:16,第9名,469800,车臣对俄罗斯意味着什么
2021/11/21 13:16,第10名,468311,母亲求帮忙解锁儿子生前手机
2021/11/21 13:17,第1名,2103426,我国决定和立陶宛外交关系降为代办级
2021/11/21 13:17,第2名,860408,有翡将改名周翡在越南播出
2021/11/21 13:17,第3名,854623,党的二十大代表这样产生
2021/11/21 13:17,第4名,816979,历代iPhone取消的功能
2021/11/21 13:17,第5名,622573,魏晨回应自己永远29岁
2021/11/21 13:17,第6名,593798,外交部正告台湾方面
2021/11/21 13:17,第7名,540187,爸爸给女儿换尿不湿让叔叔出去
2021/11/21 13:17,第8名,477936,螺蛳粉火锅
2021/11/21 13:17,第9名,472914,车臣对俄罗斯意味着什么
2021/11/21 13:17,第10名,460713,母亲求帮忙解锁儿子生前手机
2021/11/21 13:18,第1名,2189254,我国决定和立陶宛外交关系降为代办级
2021/11/21 13:18,第2名,838336,有翡将改名周翡在越南播出
2021/11/21 13:18,第3名,831498,党的二十大代表这样产生
2021/11/21 13:18,第4名,816307,历代iPhone取消的功能
2021/11/21 13:18,第5名,619968,魏晨回应自己永远29岁
2021/11/21 13:18,第6名,592013,外交部正告台湾方面
2021/11/21 13:18,第7名,543159,爸爸给女儿换尿不湿让叔叔出去
2021/11/21 13:18,第8名,488016,螺蛳粉火锅
2021/11/21 13:18,第9名,471928,车臣对俄罗斯意味着什么
2021/11/21 13:18,第10名,449724,母亲求帮忙解锁儿子生前手机
2021/11/21 13:19,第1名,2271869,我国决定和立陶宛外交关系降为代办级
2021/11/21 13:19,第2名,871563,有翡将改名周翡在越南播出
2021/11/21 13:19,第3名,847862,党的二十大代表这样产生
2021/11/21 13:19,第4名,818203,历代iPhone取消的功能
2021/11/21 13:19,第5名,614522,魏晨回应自己永远29岁
2021/11/21 13:19,第6名,588569,外交部正告台湾方面
2021/11/21 13:19,第7名,543260,爸爸给女儿换尿不湿让叔叔出去
2021/11/21 13:19,第8名,496426,螺蛳粉火锅
2021/11/21 13:19,第9名,488427,车臣对俄罗斯意味着什么
2021/11/21 13:19,第10名,437699,母亲求帮忙解锁儿子生前手机
2021/11/21 13:20,第1名,2356347,我国决定和立陶宛外交关系降为代办级
2021/11/21 13:20,第2名,895584,有翡将改名周翡在越南播出
2021/11/21 13:20,第3名,874684,党的二十大代表这样产生
2021/11/21 13:20,第4名,831145,历代iPhone取消的功能
2021/11/21 13:20,第5名,611614,魏晨回应自己永远29岁
2021/11/21 13:20,第6名,587405,外交部正告台湾方面
2021/11/21 13:20,第7名,545108,爸爸给女儿换尿不湿让叔叔出去
2021/11/21 13:20,第8名,506811,螺蛳粉火锅
2021/11/21 13:20,第9名,483434,车臣对俄罗斯意味着什么
2021/11/21 13:20,第10名,438272,母亲求帮忙解锁儿子生前手机
2021/11/21 13:21,第1名,2436817,我国决定和立陶宛外交关系降为代办级
2021/11/21 13:21,第2名,889203,有翡将改名周翡在越南播出
2021/11/21 13:21,第3名,885588,党的二十大代表这样产生
2021/11/21 13:21,第4名,837851,历代iPhone取消的功能
2021/11/21 13:21,第5名,608308,魏晨回应自己永远29岁
2021/11/21 13:21,第6名,584970,外交部正告台湾方面
2021/11/21 13:21,第7名,548726,爸爸给女儿换尿不湿让叔叔出去
2021/11/21 13:21,第8名,515371,螺蛳粉火锅
2021/11/21 13:21,第9名,513559,车臣对俄罗斯意味着什么
2021/11/21 13:21,第10名,441209,母亲求帮忙解锁儿子生前手机
2021/11/21 13:22,第1名,2496959,我国决定和立陶宛外交关系降为代办级
2021/11/21 13:22,第2名,860464,有翡将改名周翡在越南播出
2021/11/21 13:22,第3名,860231,党的二十大代表这样产生
2021/11/21 13:22,第4名,836658,历代iPhone取消的功能
2021/11/21 13:22,第5名,605420,魏晨回应自己永远29岁
2021/11/21 13:22,第6名,582676,外交部正告台湾方面
2021/11/21 13:22,第7名,554290,爸爸给女儿换尿不湿让叔叔出去
2021/11/21 13:22,第8名,522702,螺蛳粉火锅
2021/11/21 13:22,第9名,504100,车臣对俄罗斯意味着什么
2021/11/21 13:22,第10名,446957,母亲求帮忙解锁儿子生前手机
2021/11/21 13:23,第1名,2553070,我国决定和立陶宛外交关系降为代办级
2021/11/21 13:23,第2名,900677,有翡将改名周翡在越南播出
2021/11/21 13:23,第3名,879932,党的二十大代表这样产生
2021/11/21 13:23,第4名,837348,历代iPhone取消的功能
2021/11/21 13:23,第5名,602619,魏晨回应自己永远29岁
2021/11/21 13:23,第6名,578162,外交部正告台湾方面
2021/11/21 13:23,第7名,557721,爸爸给女儿换尿不湿让叔叔出去
2021/11/21 13:23,第8名,529451,螺蛳粉火锅
2021/11/21 13:23,第9名,494352,车臣对俄罗斯意味着什么
2021/11/21 13:23,第10名,454510,母亲求帮忙解锁儿子生前手机
2021/11/21 13:24,第1名,2623944,我国决定和立陶宛外交关系降为代办级
2021/11/21 13:24,第2名,850648,有翡将改名周翡在越南播出
2021/11/21 13:24,第3名,850618,党的二十大代表这样产生
2021/11/21 13:24,第4名,850424,历代iPhone取消的功能
2021/11/21 13:24,第5名,599392,魏晨回应自己永远29岁
2021/11/21 13:24,第6名,576077,外交部正告台湾方面
2021/11/21 13:24,第7名,562454,爸爸给女儿换尿不湿让叔叔出去
2021/11/21 13:24,第8名,536487,螺蛳粉火锅
2021/11/21 13:24,第9名,492129,车臣对俄罗斯意味着什么
2021/11/21 13:24,第10名,461382,母亲求帮忙解锁儿子生前手机
2021/11/21 13:25,第1名,2660885,我国决定和立陶宛外交关系降为代办级
2021/11/21 13:25,第2名,860451,有翡将改名周翡在越南播出
2021/11/21 13:25,第3名,856045,党的二十大代表这样产生
2021/11/21 13:25,第4名,851482,历代iPhone取消的功能
2021/11/21 13:25,第5名,596868,魏晨回应自己永远29岁
2021/11/21 13:25,第6名,572192,外交部正告台湾方面
2021/11/21 13:25,第7名,563756,爸爸给女儿换尿不湿让叔叔出去
2021/11/21 13:25,第8名,542393,螺蛳粉火锅
2021/11/21 13:25,第9名,487575,车臣对俄罗斯意味着什么
2021/11/21 13:25,第10名,468723,母亲求帮忙解锁儿子生前手机
